<?xml version="1.0"?>
<Base>
	<Filters>
		<Item>
			<Key>MAPOBJECT</Key>
			<Data>
				<Item>
					<Name>=== MechUnits ===</Name>
					<Parts>
						<Item>
							<Operation/>
							<ObjectType>MechUnitRPGStats</ObjectType>
							<Names/>
						</Item>
					</Parts>
					<Separator>1</Separator>
				</Item>
				<Item>
					<Name>.  Baltic States Artillery</Name>
					<Parts>
						<Item>
							<Operation>UNION</Operation>
							<ObjectType>MechUnitRPGStats</ObjectType>
							<Names>
								<Item>Units\Technics\BalticStates\artillery\</Item>
							</Names>
						</Item>
					</Parts>
					<Separator>0</Separator>
				</Item>
				<Item>
					<Name>.  Baltic States Auto</Name>
					<Parts>
						<Item>
							<Operation>UNION</Operation>
							<ObjectType>MechUnitRPGStats</ObjectType>
							<Names>
								<Item>Units\Technics\BalticStates\auto\</Item>
							</Names>
						</Item>
					</Parts>
					<Separator>0</Separator>
				</Item>
				<Item>
					<Name>.  Baltic States Aviation</Name>
					<Parts>
						<Item>
							<Operation>UNION</Operation>
							<ObjectType>MechUnitRPGStats</ObjectType>
							<Names>
								<Item>Units\Technics\BalticStates\aviation\</Item>
							</Names>
						</Item>
					</Parts>
					<Separator>0</Separator>
				</Item>
				<Item>
					<Name>.  Baltic States Ships</Name>
					<Parts>
						<Item>
							<Operation>UNION</Operation>
							<ObjectType>MechUnitRPGStats</ObjectType>
							<Names>
								<Item>Units\Technics\BalticStates\ships\</Item>
							</Names>
						</Item>
					</Parts>
					<Separator>0</Separator>
				</Item>
				<Item>
					<Name>.  Baltic States SPG</Name>
					<Parts>
						<Item>
							<Operation>UNION</Operation>
							<ObjectType>MechUnitRPGStats</ObjectType>
							<Names>
								<Item>Units\Technics\BalticStates\spg\</Item>
							</Names>
						</Item>
					</Parts>
					<Separator>0</Separator>
				</Item>
				<Item>
					<Name>.  Baltic States Tanks</Name>
					<Parts>
						<Item>
							<Operation>UNION</Operation>
							<ObjectType>MechUnitRPGStats</ObjectType>
							<Names>
								<Item>Units\Technics\BalticStates\tanks\</Item>
							</Names>
						</Item>
					</Parts>
					<Separator>0</Separator>
				</Item>	
				<Item>
					<Name>.  Latin America Artillery</Name>
					<Parts>
						<Item>
							<Operation>UNION</Operation>
							<ObjectType>MechUnitRPGStats</ObjectType>
							<Names>
								<Item>Units\Technics\LatinAmerica\artillery\</Item>
							</Names>
						</Item>
					</Parts>
					<Separator>0</Separator>
				</Item>
				<Item>
					<Name>.  Latin America Auto</Name>
					<Parts>
						<Item>
							<Operation>UNION</Operation>
							<ObjectType>MechUnitRPGStats</ObjectType>
							<Names>
								<Item>Units\Technics\LatinAmerica\auto\</Item>
							</Names>
						</Item>
					</Parts>
					<Separator>0</Separator>
				</Item>
				<Item>
					<Name>.  Latin America Aviation</Name>
					<Parts>
						<Item>
							<Operation>UNION</Operation>
							<ObjectType>MechUnitRPGStats</ObjectType>
							<Names>
								<Item>Units\Technics\LatinAmerica\aviation\</Item>
							</Names>
						</Item>
					</Parts>
					<Separator>0</Separator>
				</Item>
				<Item>
					<Name>.  Latin America Ships</Name>
					<Parts>
						<Item>
							<Operation>UNION</Operation>
							<ObjectType>MechUnitRPGStats</ObjectType>
							<Names>
								<Item>Units\Technics\LatinAmerica\ships\</Item>
							</Names>
						</Item>
					</Parts>
					<Separator>0</Separator>
				</Item>
				<Item>
					<Name>.  Latin America SPG</Name>
					<Parts>
						<Item>
							<Operation>UNION</Operation>
							<ObjectType>MechUnitRPGStats</ObjectType>
							<Names>
								<Item>Units\Technics\LatinAmerica\spg\</Item>
							</Names>
						</Item>
					</Parts>
					<Separator>0</Separator>
				</Item>
				<Item>
					<Name>.  Latin America Tanks</Name>
					<Parts>
						<Item>
							<Operation>UNION</Operation>
							<ObjectType>MechUnitRPGStats</ObjectType>
							<Names>
								<Item>Units\Technics\LatinAmerica\tanks\</Item>
							</Names>
						</Item>
					</Parts>
					<Separator>0</Separator>
				</Item>					
				<Item>
					<Name>.  Sweden Artillery</Name>
					<Parts>
						<Item>
							<Operation>UNION</Operation>
							<ObjectType>MechUnitRPGStats</ObjectType>
							<Names>
								<Item>Units\Technics\Sweden\artillery\</Item>
							</Names>
						</Item>
					</Parts>
					<Separator>0</Separator>
				</Item>
				<Item>
					<Name>.  Sweden Auto</Name>
					<Parts>
						<Item>
							<Operation>UNION</Operation>
							<ObjectType>MechUnitRPGStats</ObjectType>
							<Names>
								<Item>Units\Technics\Sweden\auto\</Item>
							</Names>
						</Item>
					</Parts>
					<Separator>0</Separator>
				</Item>
				<Item>
					<Name>.  Sweden Aviation</Name>
					<Parts>
						<Item>
							<Operation>UNION</Operation>
							<ObjectType>MechUnitRPGStats</ObjectType>
							<Names>
								<Item>Units\Technics\Sweden\aviation\</Item>
							</Names>
						</Item>
					</Parts>
					<Separator>0</Separator>
				</Item>
				<Item>
					<Name>.  Sweden Ships</Name>
					<Parts>
						<Item>
							<Operation>UNION</Operation>
							<ObjectType>MechUnitRPGStats</ObjectType>
							<Names>
								<Item>Units\Technics\Sweden\ships\</Item>
							</Names>
						</Item>
					</Parts>
					<Separator>0</Separator>
				</Item>
				<Item>
					<Name>.  Sweden SPG</Name>
					<Parts>
						<Item>
							<Operation>UNION</Operation>
							<ObjectType>MechUnitRPGStats</ObjectType>
							<Names>
								<Item>Units\Technics\Sweden\spg\</Item>
							</Names>
						</Item>
					</Parts>
					<Separator>0</Separator>
				</Item>
				<Item>
					<Name>.  Sweden Tanks</Name>
					<Parts>
						<Item>
							<Operation>UNION</Operation>
							<ObjectType>MechUnitRPGStats</ObjectType>
							<Names>
								<Item>Units\Technics\Sweden\tanks\</Item>
							</Names>
						</Item>
					</Parts>
					<Separator>0</Separator>
				</Item>	
				<Item>
					<Name>.  Spain Artillery</Name>
					<Parts>
						<Item>
							<Operation>UNION</Operation>
							<ObjectType>MechUnitRPGStats</ObjectType>
							<Names>
								<Item>Units\Technics\Spain\artillery\</Item>
							</Names>
						</Item>
					</Parts>
					<Separator>0</Separator>
				</Item>
				<Item>
					<Name>.  Spain Auto</Name>
					<Parts>
						<Item>
							<Operation>UNION</Operation>
							<ObjectType>MechUnitRPGStats</ObjectType>
							<Names>
								<Item>Units\Technics\Spain\auto\</Item>
							</Names>
						</Item>
					</Parts>
					<Separator>0</Separator>
				</Item>
				<Item>
					<Name>.  Spain Aviation</Name>
					<Parts>
						<Item>
							<Operation>UNION</Operation>
							<ObjectType>MechUnitRPGStats</ObjectType>
							<Names>
								<Item>Units\Technics\Spain\aviation\</Item>
							</Names>
						</Item>
					</Parts>
					<Separator>0</Separator>
				</Item>
				<Item>
					<Name>.  Spain Ships</Name>
					<Parts>
						<Item>
							<Operation>UNION</Operation>
							<ObjectType>MechUnitRPGStats</ObjectType>
							<Names>
								<Item>Units\Technics\Spain\ships\</Item>
							</Names>
						</Item>
					</Parts>
					<Separator>0</Separator>
				</Item>
				<Item>
					<Name>.  Spain SPG</Name>
					<Parts>
						<Item>
							<Operation>UNION</Operation>
							<ObjectType>MechUnitRPGStats</ObjectType>
							<Names>
								<Item>Units\Technics\Spain\spg\</Item>
							</Names>
						</Item>
					</Parts>
					<Separator>0</Separator>
				</Item>
				<Item>
					<Name>.  Spain Tanks</Name>
					<Parts>
						<Item>
							<Operation>UNION</Operation>
							<ObjectType>MechUnitRPGStats</ObjectType>
							<Names>
								<Item>Units\Technics\Spain\tanks\</Item>
							</Names>
						</Item>
					</Parts>
					<Separator>0</Separator>
				</Item>				
				<Item>
					<Name>.  GB Artillery</Name>
					<Parts>
						<Item>
							<Operation>UNION</Operation>
							<ObjectType>MechUnitRPGStats</ObjectType>
							<Names>
								<Item>Units\Technics\gb\artillery\</Item>
							</Names>
						</Item>
					</Parts>
					<Separator>0</Separator>
				</Item>
				<Item>
					<Name>.  GB Auto</Name>
					<Parts>
						<Item>
							<Operation>UNION</Operation>
							<ObjectType>MechUnitRPGStats</ObjectType>
							<Names>
								<Item>Units\Technics\gb\auto\</Item>
							</Names>
						</Item>
					</Parts>
					<Separator>0</Separator>
				</Item>
				<Item>
					<Name>.  GB Aviation</Name>
					<Parts>
						<Item>
							<Operation>UNION</Operation>
							<ObjectType>MechUnitRPGStats</ObjectType>
							<Names>
								<Item>Units\Technics\gb\aviation\</Item>
							</Names>
						</Item>
					</Parts>
					<Separator>0</Separator>
				</Item>
				<Item>
					<Name>.  GB Ships</Name>
					<Parts>
						<Item>
							<Operation>UNION</Operation>
							<ObjectType>MechUnitRPGStats</ObjectType>
							<Names>
								<Item>Units\Technics\gb\ships\</Item>
							</Names>
						</Item>
					</Parts>
					<Separator>0</Separator>
				</Item>
				<Item>
					<Name>.  GB SPG</Name>
					<Parts>
						<Item>
							<Operation>UNION</Operation>
							<ObjectType>MechUnitRPGStats</ObjectType>
							<Names>
								<Item>Units\Technics\gb\spg\</Item>
							</Names>
						</Item>
					</Parts>
					<Separator>0</Separator>
				</Item>
				<Item>
					<Name>.  GB Tanks</Name>
					<Parts>
						<Item>
							<Operation>UNION</Operation>
							<ObjectType>MechUnitRPGStats</ObjectType>
							<Names>
								<Item>Units\Technics\gb\tanks\</Item>
							</Names>
						</Item>
					</Parts>
					<Separator>0</Separator>
				</Item>
				<Item>
					<Name>.  German Artillery</Name>
					<Parts>
						<Item>
							<Operation>UNION</Operation>
							<ObjectType>MechUnitRPGStats</ObjectType>
							<Names>
								<Item>Units\Technics\german\artillery\</Item>
							</Names>
						</Item>
					</Parts>
					<Separator>0</Separator>
				</Item>
				<Item>
					<Name>.  German Auto</Name>
					<Parts>
						<Item>
							<Operation>UNION</Operation>
							<ObjectType>MechUnitRPGStats</ObjectType>
							<Names>
								<Item>Units\Technics\german\auto\</Item>
							</Names>
						</Item>
					</Parts>
					<Separator>0</Separator>
				</Item>
				<Item>
					<Name>.  German Aviation</Name>
					<Parts>
						<Item>
							<Operation>UNION</Operation>
							<ObjectType>MechUnitRPGStats</ObjectType>
							<Names>
								<Item>Units\Technics\german\aviation\</Item>
							</Names>
						</Item>
					</Parts>
					<Separator>0</Separator>
				</Item>
				<Item>
					<Name>.  German Ships</Name>
					<Parts>
						<Item>
							<Operation>UNION</Operation>
							<ObjectType>MechUnitRPGStats</ObjectType>
							<Names>
								<Item>Units\Technics\german\ships\</Item>
							</Names>
						</Item>
					</Parts>
					<Separator>0</Separator>
				</Item>
				<Item>
					<Name>.  German SPG</Name>
					<Parts>
						<Item>
							<Operation>UNION</Operation>
							<ObjectType>MechUnitRPGStats</ObjectType>
							<Names>
								<Item>Units\Technics\german\spg\</Item>
							</Names>
						</Item>
					</Parts>
					<Separator>0</Separator>
				</Item>
				<Item>
					<Name>.  German Tanks</Name>
					<Parts>
						<Item>
							<Operation>UNION</Operation>
							<ObjectType>MechUnitRPGStats</ObjectType>
							<Names>
								<Item>Units\Technics\german\tanks\</Item>
							</Names>
						</Item>
					</Parts>
					<Separator>0</Separator>
				</Item>
				<Item>
					<Name>.  German Trains</Name>
					<Parts>
						<Item>
							<Operation>UNION</Operation>
							<ObjectType>MechUnitRPGStats</ObjectType>
							<Names>
								<Item>Units\Technics\german\trains\</Item>
							</Names>
						</Item>
					</Parts>
					<Separator>0</Separator>
				</Item>
				<Item>
					<Name>.  Japan Artillery</Name>
					<Parts>
						<Item>
							<Operation>UNION</Operation>
							<ObjectType>MechUnitRPGStats</ObjectType>
							<Names>
								<Item>Units\Technics\japan\Artillery\</Item>
							</Names>
						</Item>
					</Parts>
					<Separator>0</Separator>
				</Item>
				<Item>
					<Name>.  Japan Auto</Name>
					<Parts>
						<Item>
							<Operation>UNION</Operation>
							<ObjectType>MechUnitRPGStats</ObjectType>
							<Names>
								<Item>Units\Technics\japan\Auto\</Item>
							</Names>
						</Item>
					</Parts>
					<Separator>0</Separator>
				</Item>
				<Item>
					<Name>.  Japan Aviation</Name>
					<Parts>
						<Item>
							<Operation>UNION</Operation>
							<ObjectType>MechUnitRPGStats</ObjectType>
							<Names>
								<Item>Units\Technics\japan\Aviation\</Item>
							</Names>
						</Item>
					</Parts>
					<Separator>0</Separator>
				</Item>
				<Item>
					<Name>.  Japan Ships</Name>
					<Parts>
						<Item>
							<Operation>UNION</Operation>
							<ObjectType>MechUnitRPGStats</ObjectType>
							<Names>
								<Item>Units\Technics\japan\Ships\</Item>
							</Names>
						</Item>
					</Parts>
					<Separator>0</Separator>
				</Item>
				<Item>
					<Name>.  Japan SPG</Name>
					<Parts>
						<Item>
							<Operation>UNION</Operation>
							<ObjectType>MechUnitRPGStats</ObjectType>
							<Names>
								<Item>Units\Technics\japan\SPG\</Item>
							</Names>
						</Item>
					</Parts>
					<Separator>0</Separator>
				</Item>
				<Item>
					<Name>.  Japan Tanks</Name>
					<Parts>
						<Item>
							<Operation>UNION</Operation>
							<ObjectType>MechUnitRPGStats</ObjectType>
							<Names>
								<Item>Units\Technics\japan\Tanks\</Item>
							</Names>
						</Item>
					</Parts>
					<Separator>0</Separator>
				</Item>
				<Item>
					<Name>.  Japan Trains</Name>
					<Parts>
						<Item>
							<Operation>UNION</Operation>
							<ObjectType>MechUnitRPGStats</ObjectType>
							<Names>
								<Item>Units\Technics\japan\trains\</Item>
							</Names>
						</Item>
					</Parts>
					<Separator>0</Separator>
				</Item>				
				<Item>
					<Name>.  Korea Artillery</Name>
					<Parts>
						<Item>
							<Operation>UNION</Operation>
							<ObjectType>MechUnitRPGStats</ObjectType>
							<Names>
								<Item>Units\Technics\Korea\artillery\</Item>
							</Names>
						</Item>
					</Parts>
					<Separator>0</Separator>
				</Item>
				<Item>
					<Name>.  Korea Auto</Name>
					<Parts>
						<Item>
							<Operation>UNION</Operation>
							<ObjectType>MechUnitRPGStats</ObjectType>
							<Names>
								<Item>Units\Technics\Korea\auto\</Item>
							</Names>
						</Item>
					</Parts>
					<Separator>0</Separator>
				</Item>
				<Item>
					<Name>.  Korea Aviation</Name>
					<Parts>
						<Item>
							<Operation>UNION</Operation>
							<ObjectType>MechUnitRPGStats</ObjectType>
							<Names>
								<Item>Units\Technics\Korea\aviation\</Item>
							</Names>
						</Item>
					</Parts>
					<Separator>0</Separator>
				</Item>
				<Item>
					<Name>.  Korea Ships</Name>
					<Parts>
						<Item>
							<Operation>UNION</Operation>
							<ObjectType>MechUnitRPGStats</ObjectType>
							<Names>
								<Item>Units\Technics\Korea\ships\</Item>
							</Names>
						</Item>
					</Parts>
					<Separator>0</Separator>
				</Item>
				<Item>
					<Name>.  Korea SPG</Name>
					<Parts>
						<Item>
							<Operation>UNION</Operation>
							<ObjectType>MechUnitRPGStats</ObjectType>
							<Names>
								<Item>Units\Technics\Korea\spg\</Item>
							</Names>
						</Item>
					</Parts>
					<Separator>0</Separator>
				</Item>
				<Item>
					<Name>.  Korea Tanks</Name>
					<Parts>
						<Item>
							<Operation>UNION</Operation>
							<ObjectType>MechUnitRPGStats</ObjectType>
							<Names>
								<Item>Units\Technics\Korea\tanks\</Item>
							</Names>
						</Item>
					</Parts>
					<Separator>0</Separator>
				</Item>					
				<Item>
					<Name>.  USA Artillery</Name>
					<Parts>
						<Item>
							<Operation>UNION</Operation>
							<ObjectType>MechUnitRPGStats</ObjectType>
							<Names>
								<Item>Units\Technics\us\artillery\</Item>
							</Names>
						</Item>
					</Parts>
					<Separator>0</Separator>
				</Item>
				<Item>
					<Name>.  USA Auto</Name>
					<Parts>
						<Item>
							<Operation>UNION</Operation>
							<ObjectType>MechUnitRPGStats</ObjectType>
							<Names>
								<Item>Units\Technics\us\auto\</Item>
							</Names>
						</Item>
					</Parts>
					<Separator>0</Separator>
				</Item>
				<Item>
					<Name>.  USA Aviation</Name>
					<Parts>
						<Item>
							<Operation>UNION</Operation>
							<ObjectType>MechUnitRPGStats</ObjectType>
							<Names>
								<Item>Units\Technics\us\aviation\</Item>
							</Names>
						</Item>
					</Parts>
					<Separator>0</Separator>
				</Item>
				<Item>
					<Name>.  USA Ships</Name>
					<Parts>
						<Item>
							<Operation>UNION</Operation>
							<ObjectType>MechUnitRPGStats</ObjectType>
							<Names>
								<Item>Units\Technics\us\ships\</Item>
							</Names>
						</Item>
					</Parts>
					<Separator>0</Separator>
				</Item>
				<Item>
					<Name>.  USA SPG</Name>
					<Parts>
						<Item>
							<Operation>UNION</Operation>
							<ObjectType>MechUnitRPGStats</ObjectType>
							<Names>
								<Item>Units\Technics\us\spg\</Item>
							</Names>
						</Item>
					</Parts>
					<Separator>0</Separator>
				</Item>
				<Item>
					<Name>.  USA Tanks</Name>
					<Parts>
						<Item>
							<Operation>UNION</Operation>
							<ObjectType>MechUnitRPGStats</ObjectType>
							<Names>
								<Item>Units\Technics\us\tanks\</Item>
							</Names>
						</Item>
					</Parts>
					<Separator>0</Separator>
				</Item>
				<Item>
					<Name>.  USA Trains</Name>
					<Parts>
						<Item>
							<Operation>UNION</Operation>
							<ObjectType>MechUnitRPGStats</ObjectType>
							<Names>
								<Item>Units\Technics\us\trains\</Item>
							</Names>
						</Item>
					</Parts>
					<Separator>0</Separator>
				</Item>
				<Item>
					<Name>.  USSR Artillery</Name>
					<Parts>
						<Item>
							<Operation>UNION</Operation>
							<ObjectType>MechUnitRPGStats</ObjectType>
							<Names>
								<Item>Units\Technics\ussr\artillery\</Item>
							</Names>
						</Item>
					</Parts>
					<Separator>0</Separator>
				</Item>
				<Item>
					<Name>.  USSR Auto</Name>
					<Parts>
						<Item>
							<Operation>UNION</Operation>
							<ObjectType>MechUnitRPGStats</ObjectType>
							<Names>
								<Item>Units\Technics\ussr\auto\</Item>
							</Names>
						</Item>
					</Parts>
					<Separator>0</Separator>
				</Item>
				<Item>
					<Name>.  USSR Aviation</Name>
					<Parts>
						<Item>
							<Operation>UNION</Operation>
							<ObjectType>MechUnitRPGStats</ObjectType>
							<Names>
								<Item>Units\Technics\ussr\aviation\</Item>
							</Names>
						</Item>
					</Parts>
					<Separator>0</Separator>
				</Item>
				<Item>
					<Name>.  USSR Ships</Name>
					<Parts>
						<Item>
							<Operation>UNION</Operation>
							<ObjectType>MechUnitRPGStats</ObjectType>
							<Names>
								<Item>Units\Technics\ussr\ships\</Item>
							</Names>
						</Item>
					</Parts>
					<Separator>0</Separator>
				</Item>
				<Item>
					<Name>.  USSR SPG</Name>
					<Parts>
						<Item>
							<Operation>UNION</Operation>
							<ObjectType>MechUnitRPGStats</ObjectType>
							<Names>
								<Item>Units\Technics\ussr\spg\</Item>
							</Names>
						</Item>
					</Parts>
					<Separator>0</Separator>
				</Item>
				<Item>
					<Name>.  USSR Tanks</Name>
					<Parts>
						<Item>
							<Operation>UNION</Operation>
							<ObjectType>MechUnitRPGStats</ObjectType>
							<Names>
								<Item>Units\Technics\ussr\tanks\</Item>
							</Names>
						</Item>
					</Parts>
					<Separator>0</Separator>
				</Item>
				<Item>
					<Name>.  USSR Trains</Name>
					<Parts>
						<Item>
							<Operation>UNION</Operation>
							<ObjectType>MechUnitRPGStats</ObjectType>
							<Names>
								<Item>Units\Technics\ussr\trains\</Item>
							</Names>
						</Item>
					</Parts>
					<Separator>0</Separator>
				</Item>
				<Item>
					<Name>=== Squads ===</Name>
					<Parts>
						<Item>
							<Operation/>
							<ObjectType>SquadRPGStats</ObjectType>
							<Folders/>
							<Objects/>
						</Item>
					</Parts>
					<Separator>1</Separator>
				</Item>
				<Item>
					<Name>.  German Assault</Name>
					<Parts>
						<Item>
							<Operation>UNION</Operation>
							<ObjectType>SquadRPGStats</ObjectType>
							<Names>
								<Item>Squads\Germany\Assault_Squad\</Item>
							</Names>
						</Item>
					</Parts>
					<Separator>0</Separator>
				</Item>
				<Item>
					<Name>.  German AT</Name>
					<Parts>
						<Item>
							<Operation>UNION</Operation>
							<ObjectType>SquadRPGStats</ObjectType>
							<Names>
								<Item>Squads\Germany\AT_Squad\</Item>
							</Names>
						</Item>
					</Parts>
					<Separator>0</Separator>
				</Item>
				<Item>
					<Name>.  German Elite</Name>
					<Parts>
						<Item>
							<Operation>UNION</Operation>
							<ObjectType>SquadRPGStats</ObjectType>
							<Names>
								<Item>Squads\Germany\Elite_Squad\</Item>
							</Names>
						</Item>
					</Parts>
					<Separator>0</Separator>
				</Item>
				<Item>
					<Name>.  German Flame Thrower</Name>
					<Parts>
						<Item>
							<Operation>UNION</Operation>
							<ObjectType>SquadRPGStats</ObjectType>
							<Names>
								<Item>Squads\Germany\FlameThrower\</Item>
							</Names>
						</Item>
					</Parts>
					<Separator>0</Separator>
				</Item>
				<Item>
					<Name>.  German Main</Name>
					<Parts>
						<Item>
							<Operation>UNION</Operation>
							<ObjectType>SquadRPGStats</ObjectType>
							<Names>
								<Item>Squads\Germany\Main_Squad\</Item>
							</Names>
						</Item>
					</Parts>
					<Separator>0</Separator>
				</Item>
				<Item>
					<Name>.  German Cavalry</Name>
					<Parts>
						<Item>
							<Operation>UNION</Operation>
							<ObjectType>SquadRPGStats</ObjectType>
							<Names>
								<Item>Squads\Germany\Cavalry_Squad\</Item>
							</Names>
						</Item>
					</Parts>
					<Separator>0</Separator>
				</Item>				
				<Item>
					<Name>.  German MG</Name>
					<Parts>
						<Item>
							<Operation>UNION</Operation>
							<ObjectType>SquadRPGStats</ObjectType>
						</Item>
					</Parts>
					<Separator>0</Separator>
				</Item>
				<Item>
					<Name>.  German Snipers</Name>
					<Parts>
						<Item>
							<Operation>UNION</Operation>
							<ObjectType>SquadRPGStats</ObjectType>
							<Names>
								<Item>Squads\Germany\Snipers\</Item>
							</Names>
						</Item>
					</Parts>
					<Separator>0</Separator>
				</Item>
				<Item>
					<Name>.  German Single Unit</Name>
					<Parts>
						<Item>
							<Operation>UNION</Operation>
							<ObjectType>SquadRPGStats</ObjectType>
							<Names>
								<Item>Squads\Germany\Single_Units\</Item>
							</Names>
						</Item>
					</Parts>
					<Separator>0</Separator>
				</Item>
				<Item>
					<Name>.  German Special</Name>
					<Parts>
						<Item>
							<Operation>UNION</Operation>
							<ObjectType>SquadRPGStats</ObjectType>
							<Names>
								<Item>Squads\Germany\Special_Squad\</Item>
								<Item>Squads\Romanians\</Item>
							</Names>
						</Item>
					</Parts>
					<Separator>0</Separator>
				</Item>
				<Item>
					<Name>.  GB Assault</Name>
					<Parts>
						<Item>
							<Operation>UNION</Operation>
							<ObjectType>SquadRPGStats</ObjectType>
							<Names>
								<Item>Squads\Great_Britain\Assault_Squad\</Item>
							</Names>
						</Item>
					</Parts>
					<Separator>0</Separator>
				</Item>
				<Item>
					<Name>.  GB AT</Name>
					<Parts>
						<Item>
							<Operation>UNION</Operation>
							<ObjectType>SquadRPGStats</ObjectType>
							<Names>
								<Item>Squads\Great_Britain\AT_Squad\</Item>
							</Names>
						</Item>
					</Parts>
					<Separator>0</Separator>
				</Item>
				<Item>
					<Name>.  GB Elite</Name>
					<Parts>
						<Item>
							<Operation>UNION</Operation>
							<ObjectType>SquadRPGStats</ObjectType>
							<Names>
								<Item>Squads\Great_Britain\Elite_Squad\</Item>
							</Names>
						</Item>
					</Parts>
					<Separator>0</Separator>
				</Item>
				<Item>
					<Name>.  GB Flame Thrower</Name>
					<Parts>
						<Item>
							<Operation>UNION</Operation>
							<ObjectType>SquadRPGStats</ObjectType>
							<Names>
								<Item>Squads\Great_Britain\FlameThrower\</Item>
							</Names>
						</Item>
					</Parts>
					<Separator>0</Separator>
				</Item>
				<Item>
					<Name>.  GB Main</Name>
					<Parts>
						<Item>
							<Operation>UNION</Operation>
							<ObjectType>SquadRPGStats</ObjectType>
							<Names>
								<Item>Squads\Great_Britain\Main_Squad\</Item>
							</Names>
						</Item>
					</Parts>
					<Separator>0</Separator>
				</Item>
				<Item>
					<Name>.  GB Cavalry</Name>
					<Parts>
						<Item>
							<Operation>UNION</Operation>
							<ObjectType>SquadRPGStats</ObjectType>
							<Names>
								<Item>Squads\Great_Britain\Cavalry_Squad\</Item>
							</Names>
						</Item>
					</Parts>
					<Separator>0</Separator>
				</Item>				
				<Item>
					<Name>.  GB MG</Name>
					<Parts>
						<Item>
							<Operation>UNION</Operation>
							<ObjectType>SquadRPGStats</ObjectType>
						</Item>
					</Parts>
					<Separator>0</Separator>
				</Item>
				<Item>
					<Name>.  GB Snipers</Name>
					<Parts>
						<Item>
							<Operation>UNION</Operation>
							<ObjectType>SquadRPGStats</ObjectType>
							<Names>
								<Item>Squads\Great_Britain\Snipers\</Item>
							</Names>
						</Item>
					</Parts>
					<Separator>0</Separator>
				</Item>
				<Item>
					<Name>.  GB Single Unit</Name>
					<Parts>
						<Item>
							<Operation>UNION</Operation>
							<ObjectType>SquadRPGStats</ObjectType>
							<Names>
								<Item>Squads\Great_Britain\Single_Units\</Item>
							</Names>
						</Item>
					</Parts>
					<Separator>0</Separator>
				</Item>
				<Item>
					<Name>.  GB Special</Name>
					<Parts>
						<Item>
							<Operation>UNION</Operation>
							<ObjectType>SquadRPGStats</ObjectType>
							<Names>
								<Item>Squads\Great_Britain\Special_Squad\</Item>
							</Names>
						</Item>
					</Parts>
					<Separator>0</Separator>
				</Item>
				<Item>
					<Name>.  Spain Assault</Name>
					<Parts>
						<Item>
							<Operation>UNION</Operation>
							<ObjectType>SquadRPGStats</ObjectType>
							<Names>
								<Item>Squads\Spain\Assault_Squad\</Item>
							</Names>
						</Item>
					</Parts>
					<Separator>0</Separator>
				</Item>
				<Item>
					<Name>.  Spain AT</Name>
					<Parts>
						<Item>
							<Operation>UNION</Operation>
							<ObjectType>SquadRPGStats</ObjectType>
							<Names>
								<Item>Squads\Spain\AT_Squad\</Item>
							</Names>
						</Item>
					</Parts>
					<Separator>0</Separator>
				</Item>
				<Item>
					<Name>.  Spain Elite</Name>
					<Parts>
						<Item>
							<Operation>UNION</Operation>
							<ObjectType>SquadRPGStats</ObjectType>
							<Names>
								<Item>Squads\Spain\Elite_Squad\</Item>
							</Names>
						</Item>
					</Parts>
					<Separator>0</Separator>
				</Item>
				<Item>
					<Name>.  Spain Flame Thrower</Name>
					<Parts>
						<Item>
							<Operation>UNION</Operation>
							<ObjectType>SquadRPGStats</ObjectType>
							<Names>
								<Item>Squads\Spain\FlameThrower\</Item>
							</Names>
						</Item>
					</Parts>
					<Separator>0</Separator>
				</Item>
				<Item>
					<Name>.  Spain Main</Name>
					<Parts>
						<Item>
							<Operation>UNION</Operation>
							<ObjectType>SquadRPGStats</ObjectType>
							<Names>
								<Item>Squads\Spain\Main_Squad\</Item>
							</Names>
						</Item>
					</Parts>
					<Separator>0</Separator>
				</Item>
				<Item>
					<Name>.  Spain Cavalry</Name>
					<Parts>
						<Item>
							<Operation>UNION</Operation>
							<ObjectType>SquadRPGStats</ObjectType>
							<Names>
								<Item>Squads\Spain\Cavalry_Squad\</Item>
							</Names>
						</Item>
					</Parts>
					<Separator>0</Separator>
				</Item>					
				<Item>
					<Name>.  Spain Snipers</Name>
					<Parts>
						<Item>
							<Operation>UNION</Operation>
							<ObjectType>SquadRPGStats</ObjectType>
							<Names>
								<Item>Squads\Spain\Snipers\</Item>
							</Names>
						</Item>
					</Parts>
					<Separator>0</Separator>
				</Item>
				<Item>
					<Name>.  Spain Single Unit</Name>
					<Parts>
						<Item>
							<Operation>UNION</Operation>
							<ObjectType>SquadRPGStats</ObjectType>
							<Names>
								<Item>Squads\Spain\Single_Units\</Item>
							</Names>
						</Item>
					</Parts>
					<Separator>0</Separator>
				</Item>
				<Item>
					<Name>.  Spain Special</Name>
					<Parts>
						<Item>
							<Operation>UNION</Operation>
							<ObjectType>SquadRPGStats</ObjectType>
							<Names>
								<Item>Squads\Spain\Special_Squad\</Item>
							</Names>
						</Item>
					</Parts>
					<Separator>0</Separator>
				</Item>					
				<Item>
					<Name>.  Japan Assault</Name>
					<Parts>
						<Item>
							<Operation>UNION</Operation>
							<ObjectType>SquadRPGStats</ObjectType>
							<Names>
								<Item>Squads\Japan\Assault_Squad\</Item>
							</Names>
						</Item>
					</Parts>
					<Separator>0</Separator>
				</Item>
				<Item>
					<Name>.  Japan AT</Name>
					<Parts>
						<Item>
							<Operation>UNION</Operation>
							<ObjectType>SquadRPGStats</ObjectType>
							<Names>
								<Item>Squads\Japan\AT_Squad\</Item>
							</Names>
						</Item>
					</Parts>
					<Separator>0</Separator>
				</Item>
				<Item>
					<Name>.  Japan Elite</Name>
					<Parts>
						<Item>
							<Operation>UNION</Operation>
							<ObjectType>SquadRPGStats</ObjectType>
							<Names>
								<Item>Squads\Japan\Elite_Squad\</Item>
							</Names>
						</Item>
					</Parts>
					<Separator>0</Separator>
				</Item>
				<Item>
					<Name>.  Japan Main</Name>
					<Parts>
						<Item>
							<Operation>UNION</Operation>
							<ObjectType>SquadRPGStats</ObjectType>
							<Names>
								<Item>Squads\Japan\Main_Squad\</Item>
							</Names>
						</Item>
					</Parts>
					<Separator>0</Separator>
				</Item>
				<Item>
					<Name>.  Japan Cavalry</Name>
					<Parts>
						<Item>
							<Operation>UNION</Operation>
							<ObjectType>SquadRPGStats</ObjectType>
							<Names>
								<Item>Squads\Japan\Cavalry_Squad\</Item>
							</Names>
						</Item>
					</Parts>
					<Separator>0</Separator>
				</Item>				
				<Item>
					<Name>.  Japan Single Unit</Name>
					<Parts>
						<Item>
							<Operation>UNION</Operation>
							<ObjectType>SquadRPGStats</ObjectType>
							<Names>
								<Item>Squads\Japan\Single_Units\</Item>
							</Names>
						</Item>
					</Parts>
					<Separator>0</Separator>
				</Item>
				<Item>
					<Name>.  Japan Snipers</Name>
					<Parts>
						<Item>
							<Operation>UNION</Operation>
							<ObjectType>SquadRPGStats</ObjectType>
							<Names>
								<Item>Squads\Japan\Snipers\</Item>
							</Names>
						</Item>
					</Parts>
					<Separator>0</Separator>
				</Item>
				<Item>
					<Name>.  Japan Special</Name>
					<Parts>
						<Item>
							<Operation>UNION</Operation>
							<ObjectType>SquadRPGStats</ObjectType>
							<Names>
								<Item>Squads\Japan\Special_Squad\</Item>
							</Names>
						</Item>
					</Parts>
					<Separator>0</Separator>
				</Item>
				<Item>
					<Name>.  Japan _OLD_</Name>
					<Parts>
						<Item>
							<Operation>UNION</Operation>
							<ObjectType>SquadRPGStats</ObjectType>
							<Names>
								<Item>Squads\Japan\Old\</Item>
							</Names>
						</Item>
					</Parts>
					<Separator>0</Separator>
				</Item>
				<Item>
					<Name>.  Korea Assault</Name>
					<Parts>
						<Item>
							<Operation>UNION</Operation>
							<ObjectType>SquadRPGStats</ObjectType>
							<Names>
								<Item>Squads\Korea\Assault_Squad\</Item>
							</Names>
						</Item>
					</Parts>
					<Separator>0</Separator>
				</Item>
				<Item>
					<Name>.  Korea AT</Name>
					<Parts>
						<Item>
							<Operation>UNION</Operation>
							<ObjectType>SquadRPGStats</ObjectType>
							<Names>
								<Item>Squads\Korea\AT_Squad\</Item>
							</Names>
						</Item>
					</Parts>
					<Separator>0</Separator>
				</Item>
				<Item>
					<Name>.  Korea Elite</Name>
					<Parts>
						<Item>
							<Operation>UNION</Operation>
							<ObjectType>SquadRPGStats</ObjectType>
							<Names>
								<Item>Squads\Korea\Elite_Squad\</Item>
							</Names>
						</Item>
					</Parts>
					<Separator>0</Separator>
				</Item>
				<Item>
					<Name>.  Korea Flame Thrower</Name>
					<Parts>
						<Item>
							<Operation>UNION</Operation>
							<ObjectType>SquadRPGStats</ObjectType>
							<Names>
								<Item>Squads\Korea\FlameThrower\</Item>
							</Names>
						</Item>
					</Parts>
					<Separator>0</Separator>
				</Item>
				<Item>
					<Name>.  Korea Main</Name>
					<Parts>
						<Item>
							<Operation>UNION</Operation>
							<ObjectType>SquadRPGStats</ObjectType>
							<Names>
								<Item>Squads\Korea\Main_Squad\</Item>
							</Names>
						</Item>
					</Parts>
					<Separator>0</Separator>
				</Item>
				<Item>
					<Name>.  Korea Snipers</Name>
					<Parts>
						<Item>
							<Operation>UNION</Operation>
							<ObjectType>SquadRPGStats</ObjectType>
							<Names>
								<Item>Squads\Korea\Snipers\</Item>
							</Names>
						</Item>
					</Parts>
					<Separator>0</Separator>
				</Item>
				<Item>
					<Name>.  Korea Single Unit</Name>
					<Parts>
						<Item>
							<Operation>UNION</Operation>
							<ObjectType>SquadRPGStats</ObjectType>
							<Names>
								<Item>Squads\Korea\Single_Units\</Item>
							</Names>
						</Item>
					</Parts>
					<Separator>0</Separator>
				</Item>
				<Item>
					<Name>.  Korea Special</Name>
					<Parts>
						<Item>
							<Operation>UNION</Operation>
							<ObjectType>SquadRPGStats</ObjectType>
							<Names>
								<Item>Squads\Korea\Special_Squad\</Item>
							</Names>
						</Item>
					</Parts>
					<Separator>0</Separator>
				</Item>		
				<Item>
					<Name>.  USA Assault</Name>
					<Parts>
						<Item>
							<Operation>UNION</Operation>
							<ObjectType>SquadRPGStats</ObjectType>
							<Names>
								<Item>Squads\USA\Assault_Squad\</Item>
							</Names>
						</Item>
					</Parts>
					<Separator>0</Separator>
				</Item>
				<Item>
					<Name>.  USA AT</Name>
					<Parts>
						<Item>
							<Operation>UNION</Operation>
							<ObjectType>SquadRPGStats</ObjectType>
							<Names>
								<Item>Squads\USA\AT_Squad\</Item>
							</Names>
						</Item>
					</Parts>
					<Separator>0</Separator>
				</Item>
				<Item>
					<Name>.  USA Elite</Name>
					<Parts>
						<Item>
							<Operation>UNION</Operation>
							<ObjectType>SquadRPGStats</ObjectType>
							<Names>
								<Item>Squads\USA\Elite_Squad\</Item>
							</Names>
						</Item>
					</Parts>
					<Separator>0</Separator>
				</Item>
				<Item>
					<Name>.  USA Flame Thrower</Name>
					<Parts>
						<Item>
							<Operation>UNION</Operation>
							<ObjectType>SquadRPGStats</ObjectType>
							<Names>
								<Item>Squads\USA\FlameThrower\</Item>
							</Names>
						</Item>
					</Parts>
					<Separator>0</Separator>
				</Item>
				<Item>
					<Name>.  USA Main</Name>
					<Parts>
						<Item>
							<Operation>UNION</Operation>
							<ObjectType>SquadRPGStats</ObjectType>
							<Names>
								<Item>Squads\USA\Main_Squad\</Item>
							</Names>
						</Item>
					</Parts>
					<Separator>0</Separator>
				</Item>
				<Item>
					<Name>.  USA Cavalry</Name>
					<Parts>
						<Item>
							<Operation>UNION</Operation>
							<ObjectType>SquadRPGStats</ObjectType>
							<Names>
								<Item>Squads\USA\Cavalry_Squad\</Item>
							</Names>
						</Item>
					</Parts>
					<Separator>0</Separator>
				</Item>				
				<Item>
					<Name>.  USA MG</Name>
					<Parts>
						<Item>
							<Operation>UNION</Operation>
							<ObjectType>SquadRPGStats</ObjectType>
						</Item>
					</Parts>
					<Separator>0</Separator>
				</Item>
				<Item>
					<Name>.  USA Snipers</Name>
					<Parts>
						<Item>
							<Operation>UNION</Operation>
							<ObjectType>SquadRPGStats</ObjectType>
							<Names>
								<Item>Squads\USA\Snipers\</Item>
							</Names>
						</Item>
					</Parts>
					<Separator>0</Separator>
				</Item>
				<Item>
					<Name>.  USA Single Unit</Name>
					<Parts>
						<Item>
							<Operation>UNION</Operation>
							<ObjectType>SquadRPGStats</ObjectType>
							<Names>
								<Item>Squads\USA\Single_Units\</Item>
							</Names>
						</Item>
					</Parts>
					<Separator>0</Separator>
				</Item>
				<Item>
					<Name>.  USA Special</Name>
					<Parts>
						<Item>
							<Operation>UNION</Operation>
							<ObjectType>SquadRPGStats</ObjectType>
							<Names>
								<Item>Squads\USA\Special_Squad\</Item>
							</Names>
						</Item>
					</Parts>
					<Separator>0</Separator>
				</Item>
				<Item>
					<Name>.  Sweden Assault</Name>
					<Parts>
						<Item>
							<Operation>UNION</Operation>
							<ObjectType>SquadRPGStats</ObjectType>
							<Names>
								<Item>Squads\Sweden\Assault_Squad\</Item>
							</Names>
						</Item>
					</Parts>
					<Separator>0</Separator>
				</Item>
				<Item>
					<Name>.  Sweden AT</Name>
					<Parts>
						<Item>
							<Operation>UNION</Operation>
							<ObjectType>SquadRPGStats</ObjectType>
							<Names>
								<Item>Squads\Sweden\AT_Squad\</Item>
							</Names>
						</Item>
					</Parts>
					<Separator>0</Separator>
				</Item>
				<Item>
					<Name>.  Sweden Elite</Name>
					<Parts>
						<Item>
							<Operation>UNION</Operation>
							<ObjectType>SquadRPGStats</ObjectType>
							<Names>
								<Item>Squads\Sweden\Elite_Squad\</Item>
							</Names>
						</Item>
					</Parts>
					<Separator>0</Separator>
				</Item>
				<Item>
					<Name>.  Sweden Flame Thrower</Name>
					<Parts>
						<Item>
							<Operation>UNION</Operation>
							<ObjectType>SquadRPGStats</ObjectType>
							<Names>
								<Item>Squads\Sweden\FlameThrower\</Item>
							</Names>
						</Item>
					</Parts>
					<Separator>0</Separator>
				</Item>
				<Item>
					<Name>.  Sweden Main</Name>
					<Parts>
						<Item>
							<Operation>UNION</Operation>
							<ObjectType>SquadRPGStats</ObjectType>
							<Names>
								<Item>Squads\Sweden\Main_Squad\</Item>
							</Names>
						</Item>
					</Parts>
					<Separator>0</Separator>
				</Item>
				<Item>
					<Name>.  Sweden Cavalry</Name>
					<Parts>
						<Item>
							<Operation>UNION</Operation>
							<ObjectType>SquadRPGStats</ObjectType>
							<Names>
								<Item>Squads\Sweden\Cavalry_Squad\</Item>
							</Names>
						</Item>
					</Parts>
					<Separator>0</Separator>
				</Item>				
				<Item>
					<Name>.  Sweden Snipers</Name>
					<Parts>
						<Item>
							<Operation>UNION</Operation>
							<ObjectType>SquadRPGStats</ObjectType>
							<Names>
								<Item>Squads\Sweden\Snipers\</Item>
							</Names>
						</Item>
					</Parts>
					<Separator>0</Separator>
				</Item>
				<Item>
					<Name>.  Sweden Single Unit</Name>
					<Parts>
						<Item>
							<Operation>UNION</Operation>
							<ObjectType>SquadRPGStats</ObjectType>
							<Names>
								<Item>Squads\Sweden\Single_Units\</Item>
							</Names>
						</Item>
					</Parts>
					<Separator>0</Separator>
				</Item>
				<Item>
					<Name>.  Sweden Special</Name>
					<Parts>
						<Item>
							<Operation>UNION</Operation>
							<ObjectType>SquadRPGStats</ObjectType>
							<Names>
								<Item>Squads\Sweden\Special_Squad\</Item>
							</Names>
						</Item>
					</Parts>
					<Separator>0</Separator>
				</Item>				
				<Item>
					<Name>.  USSR Assault</Name>
					<Parts>
						<Item>
							<Operation>UNION</Operation>
							<ObjectType>SquadRPGStats</ObjectType>
							<Names>
								<Item>Squads\USSR\Assault_Squad\</Item>
							</Names>
						</Item>
					</Parts>
					<Separator>0</Separator>
				</Item>
				<Item>
					<Name>.  USSR AT</Name>
					<Parts>
						<Item>
							<Operation>UNION</Operation>
							<ObjectType>SquadRPGStats</ObjectType>
							<Names>
								<Item>Squads\USSR\AT_Squad\</Item>
							</Names>
						</Item>
					</Parts>
					<Separator>0</Separator>
				</Item>
				<Item>
					<Name>.  USSR Elite</Name>
					<Parts>
						<Item>
							<Operation>UNION</Operation>
							<ObjectType>SquadRPGStats</ObjectType>
							<Names>
								<Item>Squads\USSR\Elite_Squad\</Item>
							</Names>
						</Item>
					</Parts>
					<Separator>0</Separator>
				</Item>
				<Item>
					<Name>.  USSR Flame Thrower</Name>
					<Parts>
						<Item>
							<Operation>UNION</Operation>
							<ObjectType>SquadRPGStats</ObjectType>
							<Names>
								<Item>Squads\USSR\FlameThrower\</Item>
							</Names>
						</Item>
					</Parts>
					<Separator>0</Separator>
				</Item>
				<Item>
					<Name>.  USSR Main</Name>
					<Parts>
						<Item>
							<Operation>UNION</Operation>
							<ObjectType>SquadRPGStats</ObjectType>
							<Names>
								<Item>Squads\USSR\Main_Squad\</Item>
							</Names>
						</Item>
					</Parts>
					<Separator>0</Separator>
				</Item>
				<Item>
					<Name>.  USSR Cavalry</Name>
					<Parts>
						<Item>
							<Operation>UNION</Operation>
							<ObjectType>SquadRPGStats</ObjectType>
							<Names>
								<Item>Squads\USSR\Cavalry_Squad\</Item>
							</Names>
						</Item>
					</Parts>
					<Separator>0</Separator>
				</Item>				
				<Item>
					<Name>.  USSR MG</Name>
					<Parts>
						<Item>
							<Operation>UNION</Operation>
							<ObjectType>SquadRPGStats</ObjectType>
						</Item>
					</Parts>
					<Separator>0</Separator>
				</Item>
				<Item>
					<Name>.  USSR Snipers</Name>
					<Parts>
						<Item>
							<Operation>UNION</Operation>
							<ObjectType>SquadRPGStats</ObjectType>
							<Names>
								<Item>Squads\USSR\Snipers\</Item>
							</Names>
						</Item>
					</Parts>
					<Separator>0</Separator>
				</Item>
				<Item>
					<Name>.  USSR Single Unit</Name>
					<Parts>
						<Item>
							<Operation>UNION</Operation>
							<ObjectType>SquadRPGStats</ObjectType>
							<Names>
								<Item>Squads\USSR\Single_Units\</Item>
							</Names>
						</Item>
					</Parts>
					<Separator>0</Separator>
				</Item>
				<Item>
					<Name>.  USSR Special</Name>
					<Parts>
						<Item>
							<Operation>UNION</Operation>
							<ObjectType>SquadRPGStats</ObjectType>
							<Names>
								<Item>Squads\USSR\Special_Squad\</Item>
							</Names>
						</Item>
					</Parts>
					<Separator>0</Separator>
				</Item>
				<Item>			
					<Name>.  Baltic States Assault</Name>
					<Parts>
						<Item>
							<Operation>UNION</Operation>
							<ObjectType>SquadRPGStats</ObjectType>
							<Names>
								<Item>Squads\BalticStates\Assault_Squad\</Item>
							</Names>
						</Item>
					</Parts>
					<Separator>0</Separator>
				</Item>
				<Item>
					<Name>.  Baltic States AT</Name>
					<Parts>
						<Item>
							<Operation>UNION</Operation>
							<ObjectType>SquadRPGStats</ObjectType>
							<Names>
								<Item>Squads\BalticStates\AT_Squad\</Item>
							</Names>
						</Item>
					</Parts>
					<Separator>0</Separator>
				</Item>
				<Item>
					<Name>.  Baltic States Elite</Name>
					<Parts>
						<Item>
							<Operation>UNION</Operation>
							<ObjectType>SquadRPGStats</ObjectType>
							<Names>
								<Item>Squads\BalticStates\Elite_Squad\</Item>
							</Names>
						</Item>
					</Parts>
					<Separator>0</Separator>
				</Item>
				<Item>
					<Name>.  Baltic States Flame Thrower</Name>
					<Parts>
						<Item>
							<Operation>UNION</Operation>
							<ObjectType>SquadRPGStats</ObjectType>
							<Names>
								<Item>Squads\BalticStates\FlameThrower\</Item>
							</Names>
						</Item>
					</Parts>
					<Separator>0</Separator>
				</Item>
				<Item>
					<Name>.  Baltic States Main</Name>
					<Parts>
						<Item>
							<Operation>UNION</Operation>
							<ObjectType>SquadRPGStats</ObjectType>
							<Names>
								<Item>Squads\BalticStates\Main_Squad\</Item>
							</Names>
						</Item>
					</Parts>
					<Separator>0</Separator>
				</Item>
				<Item>
					<Name>.  Baltic States MG</Name>
					<Parts>
						<Item>
							<Operation>UNION</Operation>
							<ObjectType>SquadRPGStats</ObjectType>
						</Item>
					</Parts>
					<Separator>0</Separator>
				</Item>
				<Item>
					<Name>.  Baltic States Snipers</Name>
					<Parts>
						<Item>
							<Operation>UNION</Operation>
							<ObjectType>SquadRPGStats</ObjectType>
							<Names>
								<Item>Squads\BalticStates\Snipers\</Item>
							</Names>
						</Item>
					</Parts>
					<Separator>0</Separator>
				</Item>
				<Item>
					<Name>.  Baltic States Single Unit</Name>
					<Parts>
						<Item>
							<Operation>UNION</Operation>
							<ObjectType>SquadRPGStats</ObjectType>
							<Names>
								<Item>Squads\BalticStates\Single_Units\</Item>
							</Names>
						</Item>
					</Parts>
					<Separator>0</Separator>
				</Item>
				<Item>
					<Name>.  Baltic States Special</Name>
					<Parts>
						<Item>
							<Operation>UNION</Operation>
							<ObjectType>SquadRPGStats</ObjectType>
							<Names>
								<Item>Squads\BalticStates\Special_Squad\</Item>
							</Names>
						</Item>
					</Parts>
					<Separator>0</Separator>
				</Item>	
				<Item>			
					<Name>.  Latin America Assault</Name>
					<Parts>
						<Item>
							<Operation>UNION</Operation>
							<ObjectType>SquadRPGStats</ObjectType>
							<Names>
								<Item>Squads\LatinAmerica\Assault_Squad\</Item>
							</Names>
						</Item>
					</Parts>
					<Separator>0</Separator>
				</Item>
				<Item>
					<Name>.  Latin America AT</Name>
					<Parts>
						<Item>
							<Operation>UNION</Operation>
							<ObjectType>SquadRPGStats</ObjectType>
							<Names>
								<Item>Squads\LatinAmerica\AT_Squad\</Item>
							</Names>
						</Item>
					</Parts>
					<Separator>0</Separator>
				</Item>
				<Item>
					<Name>.  Latin America Elite</Name>
					<Parts>
						<Item>
							<Operation>UNION</Operation>
							<ObjectType>SquadRPGStats</ObjectType>
							<Names>
								<Item>Squads\LatinAmerica\Elite_Squad\</Item>
							</Names>
						</Item>
					</Parts>
					<Separator>0</Separator>
				</Item>
				<Item>
					<Name>.  Latin America Flame Thrower</Name>
					<Parts>
						<Item>
							<Operation>UNION</Operation>
							<ObjectType>SquadRPGStats</ObjectType>
							<Names>
								<Item>Squads\LatinAmerica\FlameThrower\</Item>
							</Names>
						</Item>
					</Parts>
					<Separator>0</Separator>
				</Item>
				<Item>
					<Name>.  Latin America Main</Name>
					<Parts>
						<Item>
							<Operation>UNION</Operation>
							<ObjectType>SquadRPGStats</ObjectType>
							<Names>
								<Item>Squads\LatinAmerica\Main_Squad\</Item>
							</Names>
						</Item>
					</Parts>
					<Separator>0</Separator>
				</Item>
				<Item>
					<Name>.  Latin America MG</Name>
					<Parts>
						<Item>
							<Operation>UNION</Operation>
							<ObjectType>SquadRPGStats</ObjectType>
						</Item>
					</Parts>
					<Separator>0</Separator>
				</Item>
				<Item>
					<Name>.  Latin America Snipers</Name>
					<Parts>
						<Item>
							<Operation>UNION</Operation>
							<ObjectType>SquadRPGStats</ObjectType>
							<Names>
								<Item>Squads\LatinAmerica\Snipers\</Item>
							</Names>
						</Item>
					</Parts>
					<Separator>0</Separator>
				</Item>
				<Item>
					<Name>.  Latin America Single Unit</Name>
					<Parts>
						<Item>
							<Operation>UNION</Operation>
							<ObjectType>SquadRPGStats</ObjectType>
							<Names>
								<Item>Squads\LatinAmerica\Single_Units\</Item>
							</Names>
						</Item>
					</Parts>
					<Separator>0</Separator>
				</Item>
				<Item>
					<Name>.  Latin America Special</Name>
					<Parts>
						<Item>
							<Operation>UNION</Operation>
							<ObjectType>SquadRPGStats</ObjectType>
							<Names>
								<Item>Squads\LatinAmerica\Special_Squad\</Item>
							</Names>
						</Item>
					</Parts>
					<Separator>0</Separator>
				</Item>					
				<Item>
					<Name>=== Buildings ===</Name>
					<Parts>
						<Item>
							<Operation/>
							<ObjectType>BuildingRPGStats</ObjectType>
						</Item>
					</Parts>
					<Separator>1</Separator>
				</Item>
				<Item>
					<Name>.  African Buildings</Name>
					<Parts>
						<Item>
							<Operation>UNION</Operation>
							<ObjectType>BuildingRPGStats</ObjectType>
							<Names>
								<Item>Buildings\Africa\</Item>
							</Names>
						</Item>
					</Parts>
					<Separator>0</Separator>
				</Item>
				<Item>
					<Name>.  Asian Buildings</Name>
					<Parts>
						<Item>
							<Operation>UNION</Operation>
							<ObjectType>BuildingRPGStats</ObjectType>
							<Names>
								<Item>Buildings\Asia\</Item>
							</Names>
						</Item>
					</Parts>
					<Separator>0</Separator>
				</Item>
				<Item>
					<Name>.  Common Buildings</Name>
					<Parts>
						<Item>
							<Operation>UNION</Operation>
							<ObjectType>BuildingRPGStats</ObjectType>
							<Names>
								<Item>Buildings\Common\</Item>
							</Names>
						</Item>
					</Parts>
					<Separator>0</Separator>
				</Item>
				<Item>
					<Name>.  European Buildings</Name>
					<Parts>
						<Item>
							<Operation>UNION</Operation>
							<ObjectType>BuildingRPGStats</ObjectType>
							<Names>
								<Item>Buildings\Europe\</Item>
							</Names>
						</Item>
					</Parts>
					<Separator>0</Separator>
				</Item>
				<Item>
					<Name>.  USSR Buildings</Name>
					<Parts>
						<Item>
							<Operation>UNION</Operation>
							<ObjectType>BuildingRPGStats</ObjectType>
							<Names>
								<Item>Buildings\USSR\</Item>
							</Names>
						</Item>
					</Parts>
					<Separator>0</Separator>
				</Item>
				<Item>
					<Name>=== Flora ===</Name>
					<Parts>
						<Item>
							<Operation/>
							<ObjectType>ObjectRPGStats</ObjectType>
						</Item>
					</Parts>
					<Separator>1</Separator>
				</Item>
				<Item>
					<Name>.  Flora all</Name>
					<Parts>
						<Item>
							<Operation>UNION</Operation>
							<ObjectType>ObjectRPGStats</ObjectType>
							<Names>
								<Item>Objects\Flora\</Item>
							</Names>
						</Item>
					</Parts>
					<Separator>0</Separator>
				</Item>
				<Item>
					<Name>.  Trees</Name>
					<Parts>
						<Item>
							<Operation>UNION</Operation>
							<ObjectType>ObjectRPGStats</ObjectType>
							<Names>
								<Item>objects\flora\bigFir</Item>
								<Item>objects\flora\bigPine</Item>
								<Item>objects\flora\birch</Item>
								<Item>objects\flora\cypress</Item>
								<Item>objects\flora\drytree</Item>
								<Item>objects\flora\fir</Item>
								<Item>objects\flora\pine</Item>
								<Item>objects\flora\saxsaul</Item>
								<Item>objects\flora\tree</Item>
							</Names>
						</Item>
					</Parts>
					<Separator>0</Separator>
				</Item>
				<Item>
					<Name>.  Bushs</Name>
					<Parts>
						<Item>
							<Operation>UNION</Operation>
							<ObjectType>ObjectRPGStats</ObjectType>
							<Names>
								<Item>objects\flora\bush</Item>
								<Item>objects\flora\flowers</Item>
								<Item>objects\flora\canes</Item>
								<Item>objects\flora\brushwood</Item>
							</Names>
						</Item>
					</Parts>
					<Separator>0</Separator>
				</Item>
				<Item>
					<Name>.  Palms</Name>
					<Parts>
						<Item>
							<Operation>UNION</Operation>
							<ObjectType>ObjectRPGStats</ObjectType>
							<Names>
								<Item>objects\flora\palm</Item>
							</Names>
						</Item>
					</Parts>
					<Separator>0</Separator>
				</Item>
				<Item>
					<Name>=== Objects ===</Name>
					<Parts>
						<Item>
							<Operation/>
							<ObjectType>ObjectRPGStats</ObjectType>
						</Item>
					</Parts>
					<Separator>1</Separator>
				</Item>
				<Item>
					<Name>.  Containers</Name>
					<Parts>
						<Item>
							<Operation>UNION</Operation>
							<ObjectType>ObjectRPGStats</ObjectType>
							<Names>
								<Item>objects\simpleobjects\container</Item>
								<Item>objects\simpleobjects\portcontainer</Item>
								<Item>objects\simpleobjects\metallbarrelgreen</Item>
								<Item>objects\simpleobjects\metallbarrelred</Item>
								<Item>objects\simpleobjects\barrel</Item>
								<Item>objects\simpleobjects\box</Item>
								<Item>objects\simpleobjects\shellbox</Item>
							</Names>
						</Item>
					</Parts>
					<Separator>0</Separator>
				</Item>
				<Item>
					<Name>.  Debris</Name>
					<Parts>
						<Item>
							<Operation>UNION</Operation>
							<ObjectType>ObjectRPGStats</ObjectType>
							<Names>
								<Item>objects\simpleobjects\debris</Item>
								<Item>objects\simpleobjects\brokentree</Item>
								<Item>objects\simpleobjects\garbage01</Item>
								<Item>objects\simpleobjects\garbage02</Item>
								<Item>objects\simpleobjects\garbage03</Item>
							</Names>
						</Item>
					</Parts>
					<Separator>0</Separator>
				</Item>
				<Item>
					<Name>.  Stones</Name>
					<Parts>
						<Item>
							<Operation>UNION</Operation>
							<ObjectType>ObjectRPGStats</ObjectType>
							<Names>
								<Item>objects\simpleobjects\bigstone</Item>
								<Item>objects\simpleobjects\rocks</Item>
							</Names>
						</Item>
					</Parts>
					<Separator>0</Separator>
				</Item>
				<Item>
					<Name>.  Columns</Name>
					<Parts>
						<Item>
							<Operation>UNION</Operation>
							<ObjectType>ObjectRPGStats</ObjectType>
							<Names>
								<Item>objects\simpleobjects\columns</Item>
								<Item>objects\simpleobjects\ecolumns</Item>
							</Names>
						</Item>
					</Parts>
					<Separator>0</Separator>
				</Item>
				<Item>
					<Name>.  Flags</Name>
					<Parts>
						<Item>
							<Operation>UNION</Operation>
							<ObjectType>ObjectRPGStats</ObjectType>
							<Names>
								<Item>objects\simpleobjects\flagstaff</Item>
							</Names>
						</Item>
					</Parts>
					<Separator>0</Separator>
				</Item>
				<Item>
					<Name>.  Gates</Name>
					<Parts>
						<Item>
							<Operation>UNION</Operation>
							<ObjectType>ObjectRPGStats</ObjectType>
							<Names>
								<Item>objects\simpleobjects\gates</Item>
							</Names>
						</Item>
					</Parts>
					<Separator>0</Separator>
				</Item>
				<Item>
					<Name>.  Ruins</Name>
					<Parts>
						<Item>
							<Operation>UNION</Operation>
							<ObjectType>ObjectRPGStats</ObjectType>
							<Names>
								<Item>objects\simpleobjects\E_Ruins</Item>
								<Item>objects\simpleobjects\Africa</Item>
							</Names>
						</Item>
					</Parts>
					<Separator>0</Separator>
				</Item>
				<Item>
					<Name>.  Simple Objects</Name>
					<Parts>
						<Item>
							<Operation>UNION</Operation>
							<ObjectType>ObjectRPGStats</ObjectType>
							<Names>
								<Item>Objects\SimpleObjects\</Item>
							</Names>
						</Item>
					</Parts>
					<Separator>0</Separator>
				</Item>
				<Item>
					<Name>=== Other ===</Name>
					<Parts>
						<Item>
							<Operation/>
							<ObjectType>ObjectRPGStats</ObjectType>
						</Item>
					</Parts>
					<Separator>1</Separator>
				</Item>
				<Item>
					<Name>Bridges</Name>
					<Parts>
						<Item>
							<Operation>UNION</Operation>
							<ObjectType>BridgeRPGStats</ObjectType>
							<Names>
								<Item>Bridges\</Item>
							</Names>
						</Item>
					</Parts>
					<Separator>0</Separator>
				</Item>
				<Item>
					<Name>Fences</Name>
					<Parts>
						<Item>
							<Operation>UNION</Operation>
							<ObjectType>FenceRPGStats</ObjectType>
							<Names>
								<Item>Fences\</Item>
							</Names>
						</Item>
					</Parts>
					<Separator>0</Separator>
				</Item>
				<Item>
					<Name>Entrenchments</Name>
					<Parts>
						<Item>
							<Operation>UNION</Operation>
							<ObjectType>EntrenchmentRPGStats</ObjectType>
							<Names>
								<Item>Entrenchments\</Item>
							</Names>
						</Item>
					</Parts>
					<Separator>0</Separator>
				</Item>
				<Item>
					<Name>Mines</Name>
					<Parts>
						<Item>
							<Operation>UNION</Operation>
							<ObjectType>MineRPGStats</ObjectType>
							<Names>
								<Item>Mines\</Item>
							</Names>
						</Item>
					</Parts>
					<Separator>0</Separator>
				</Item>
				<Item>
					<Name>Spots</Name>
					<Parts>
						<Item>
							<Operation>UNION</Operation>
							<ObjectType>TerrainSpotDesc</ObjectType>
							<Names>
								<Item>Spots\</Item>
							</Names>
						</Item>
					</Parts>
					<Separator>0</Separator>
				</Item>
			</Data>
		</Item>
		<Item>
			<Key>TILE</Key>
			<Data>
				<Item>
					<Name>All</Name>
					<Parts>
						<Item>
							<Operation>UNION</Operation>
							<ObjectType>TGTerraType</ObjectType>
						</Item>
					</Parts>
					<Separator>0</Separator>
				</Item>
			</Data>
		</Item>
		<Item>
			<Key>VSO</Key>
			<Data>
				<Item>
					<Name>=== Roads ===</Name>
					<Parts>
						<Item>
							<Operation/>
							<ObjectType>RoadDesc</ObjectType>
							<Folders/>
							<Objects/>
						</Item>
					</Parts>
					<Separator>1</Separator>
				</Item>
				<Item>
					<Name>.  Roads: Africa</Name>
					<Parts>
						<Item>
							<Operation>UNION</Operation>
							<ObjectType>RoadDesc</ObjectType>
							<Names>
								<Item>terrain\RoadDesc\All\Africa\</Item>
							</Names>
						</Item>
					</Parts>
					<Separator>0</Separator>
				</Item>
				<Item>
					<Name>.  Roads: Asia</Name>
					<Parts>
						<Item>
							<Operation>UNION</Operation>
							<ObjectType>RoadDesc</ObjectType>
							<Names>
								<Item>terrain\RoadDesc\All\Asia\</Item>
							</Names>
						</Item>
					</Parts>
					<Separator>0</Separator>
				</Item>
				<Item>
					<Name>.  Roads: Autumn</Name>
					<Parts>
						<Item>
							<Operation>UNION</Operation>
							<ObjectType>RoadDesc</ObjectType>
							<Names>
								<Item>terrain\RoadDesc\All\Autumn\</Item>
							</Names>
						</Item>
					</Parts>
					<Separator>0</Separator>
				</Item>
				<Item>
					<Name>.  Roads: Spring</Name>
					<Parts>
						<Item>
							<Operation>UNION</Operation>
							<ObjectType>RoadDesc</ObjectType>
							<Names>
								<Item>terrain\RoadDesc\All\Spring\</Item>
							</Names>
						</Item>
					</Parts>
					<Separator>0</Separator>
				</Item>
				<Item>
					<Name>.  Roads: Summer</Name>
					<Parts>
						<Item>
							<Operation>UNION</Operation>
							<ObjectType>RoadDesc</ObjectType>
							<Names>
								<Item>terrain\RoadDesc\All\Summer\</Item>
							</Names>
						</Item>
					</Parts>
					<Separator>0</Separator>
				</Item>
				<Item>
					<Name>.  Roads: Winter</Name>
					<Parts>
						<Item>
							<Operation>UNION</Operation>
							<ObjectType>RoadDesc</ObjectType>
							<Names>
								<Item>terrain\RoadDesc\All\Winter\</Item>
							</Names>
						</Item>
					</Parts>
					<Separator>0</Separator>
				</Item>
				<Item>
					<Name>=== Rivers ===</Name>
					<Parts>
						<Item>
							<Operation/>
							<ObjectType>RiverDesc</ObjectType>
							<Folders/>
							<Objects/>
						</Item>
					</Parts>
					<Separator>1</Separator>
				</Item>
				<Item>
					<Name>.  Rivers: Africa</Name>
					<Parts>
						<Item>
							<Operation>UNION</Operation>
							<ObjectType>RiverDesc</ObjectType>
							<Names>
								<Item>terrain\RiverDesc\All\Africa\</Item>
							</Names>
						</Item>
					</Parts>
					<Separator>0</Separator>
				</Item>
				<Item>
					<Name>.  Rivers: Asia</Name>
					<Parts>
						<Item>
							<Operation>UNION</Operation>
							<ObjectType>RiverDesc</ObjectType>
							<Names>
								<Item>terrain\RiverDesc\All\Asia\</Item>
							</Names>
						</Item>
					</Parts>
					<Separator>0</Separator>
				</Item>
				<Item>
					<Name>.  Rivers: Autumn</Name>
					<Parts>
						<Item>
							<Operation>UNION</Operation>
							<ObjectType>RiverDesc</ObjectType>
							<Names>
								<Item>terrain\RiverDesc\All\Autumn\</Item>
							</Names>
						</Item>
					</Parts>
					<Separator>0</Separator>
				</Item>
				<Item>
					<Name>.  Rivers: Spring</Name>
					<Parts>
						<Item>
							<Operation>UNION</Operation>
							<ObjectType>RiverDesc</ObjectType>
							<Names>
								<Item>terrain\RiverDesc\All\Spring\</Item>
							</Names>
						</Item>
					</Parts>
					<Separator>0</Separator>
				</Item>
				<Item>
					<Name>.  Rivers: Summer</Name>
					<Parts>
						<Item>
							<Operation>UNION</Operation>
							<ObjectType>RiverDesc</ObjectType>
							<Names>
								<Item>terrain\RiverDesc\All\Summer\</Item>
							</Names>
						</Item>
					</Parts>
					<Separator>0</Separator>
				</Item>
				<Item>
					<Name>.  Rivers: Winter</Name>
					<Parts>
						<Item>
							<Operation>UNION</Operation>
							<ObjectType>RiverDesc</ObjectType>
							<Names>
								<Item>terrain\RiverDesc\All\Winter\</Item>
							</Names>
						</Item>
					</Parts>
					<Separator>0</Separator>
				</Item>
				<Item>
					<Name>=== Cliffs ===</Name>
					<Parts>
						<Item>
							<Operation/>
							<ObjectType>CragDesc</ObjectType>
							<Folders/>
							<Objects/>
						</Item>
					</Parts>
					<Separator>1</Separator>
				</Item>
				<Item>
					<Name>.  Cliffs: Africa</Name>
					<Parts>
						<Item>
							<Operation>UNION</Operation>
							<ObjectType>CragDesc</ObjectType>
							<Names>
								<Item>terrain\CragDesc\All\Africa\</Item>
							</Names>
						</Item>
					</Parts>
					<Separator>0</Separator>
				</Item>
				<Item>
					<Name>.  Cliffs: Asia</Name>
					<Parts>
						<Item>
							<Operation>UNION</Operation>
							<ObjectType>CragDesc</ObjectType>
							<Names>
								<Item>terrain\CragDesc\All\Asia\</Item>
							</Names>
						</Item>
					</Parts>
					<Separator>0</Separator>
				</Item>
				<Item>
					<Name>.  Cliffs: Autumn</Name>
					<Parts>
						<Item>
							<Operation>UNION</Operation>
							<ObjectType>CragDesc</ObjectType>
							<Names>
								<Item>terrain\CragDesc\All\Autumn\</Item>
							</Names>
						</Item>
					</Parts>
					<Separator>0</Separator>
				</Item>
				<Item>
					<Name>.  Cliffs: Spring</Name>
					<Parts>
						<Item>
							<Operation>UNION</Operation>
							<ObjectType>CragDesc</ObjectType>
							<Names>
								<Item>terrain\CragDesc\All\Spring\</Item>
							</Names>
						</Item>
					</Parts>
					<Separator>0</Separator>
				</Item>
				<Item>
					<Name>.  Cliffs: Summer</Name>
					<Parts>
						<Item>
							<Operation>UNION</Operation>
							<ObjectType>CragDesc</ObjectType>
							<Names>
								<Item>terrain\CragDesc\All\Summer\</Item>
							</Names>
						</Item>
					</Parts>
					<Separator>0</Separator>
				</Item>
				<Item>
					<Name>.  Cliffs: Winter</Name>
					<Parts>
						<Item>
							<Operation>UNION</Operation>
							<ObjectType>CragDesc</ObjectType>
							<Names>
								<Item>terrain\CragDesc\All\Winter\</Item>
							</Names>
						</Item>
					</Parts>
					<Separator>0</Separator>
				</Item>
				<Item>
					<Name>=== Lakes ===</Name>
					<Parts>
						<Item>
							<Operation/>
							<ObjectType>LakeDesc</ObjectType>
							<Folders/>
							<Objects/>
						</Item>
					</Parts>
					<Separator>1</Separator>
				</Item>
				<Item>
					<Name>.  Lakes: Africa</Name>
					<Parts>
						<Item>
							<Operation>UNION</Operation>
							<ObjectType>LakeDesc</ObjectType>
							<Names>
								<Item>terrain\LakeDesc\All\Africa\</Item>
							</Names>
						</Item>
					</Parts>
					<Separator>0</Separator>
				</Item>
				<Item>
					<Name>.  Lakes: Asia</Name>
					<Parts>
						<Item>
							<Operation>UNION</Operation>
							<ObjectType>LakeDesc</ObjectType>
							<Names>
								<Item>terrain\LakeDesc\All\Asia\</Item>
							</Names>
						</Item>
					</Parts>
					<Separator>0</Separator>
				</Item>
				<Item>
					<Name>.  Lakes: Autumn</Name>
					<Parts>
						<Item>
							<Operation>UNION</Operation>
							<ObjectType>LakeDesc</ObjectType>
							<Names>
								<Item>terrain\LakeDesc\All\Autumn\</Item>
							</Names>
						</Item>
					</Parts>
					<Separator>0</Separator>
				</Item>
				<Item>
					<Name>.  Lakes: Spring</Name>
					<Parts>
						<Item>
							<Operation>UNION</Operation>
							<ObjectType>LakeDesc</ObjectType>
							<Names>
								<Item>terrain\LakeDesc\All\Spring\</Item>
							</Names>
						</Item>
					</Parts>
					<Separator>0</Separator>
				</Item>
				<Item>
					<Name>.  Lakes: Summer</Name>
					<Parts>
						<Item>
							<Operation>UNION</Operation>
							<ObjectType>LakeDesc</ObjectType>
							<Names>
								<Item>terrain\LakeDesc\All\Summer\</Item>
							</Names>
						</Item>
					</Parts>
					<Separator>0</Separator>
				</Item>
				<Item>
					<Name>.  Lakes: Winter</Name>
					<Parts>
						<Item>
							<Operation>UNION</Operation>
							<ObjectType>LakeDesc</ObjectType>
							<Names>
								<Item>terrain\LakeDesc\All\Winter\</Item>
							</Names>
						</Item>
					</Parts>
					<Separator>0</Separator>
				</Item>
				<Item>
					<Name>=== Coasts ===</Name>
					<Parts>
						<Item>
							<Operation/>
							<ObjectType>CoastDesc</ObjectType>
							<Folders/>
							<Objects/>
						</Item>
					</Parts>
					<Separator>1</Separator>
				</Item>
				<Item>
					<Name>.  Coasts: Summer</Name>
					<Parts>
						<Item>
							<Operation>UNION</Operation>
							<ObjectType>CoastDesc</ObjectType>
							<Names>
								<Item>terrain\CoastDesc\All\Summer\</Item>
							</Names>
						</Item>
					</Parts>
					<Separator>0</Separator>
				</Item>
			</Data>
		</Item>
	</Filters>
</Base>
